loc,time,habitat,species,trophic,d13c,d15n,family,predmass_min,predmass_max,Body Mass Reference,Isotope Reference
Spain,early Pleistocene,C3,Mammuthus meridionalis,1,-21.4,4.7,,,,,Palmqvist 2008
Spain,early Pleistocene,C3,Mammuthus meridionalis,1,-20.6,2.9,,,,,Palmqvist 2008
Spain,early Pleistocene,C3,Mammuthus meridionalis,1,-23.4,4.3,,,,,Palmqvist 2008
Spain,early Pleistocene,C3,Mammuthus meridionalis,1,-21.1,3.2,,,,,Palmqvist 2008
Spain,early Pleistocene,C3,Mammuthus meridionalis,1,-22.8,3.5,,,,,Palmqvist 2008
Spain,early Pleistocene,C3,Mammuthus meridionalis,1,-22.9,3.2,,,,,Palmqvist 2008
Spain,early Pleistocene,C3,Mammuthus meridionalis,1,-23.4,3.8,,,,,Palmqvist 2008
Spain,early Pleistocene,C3,Mammuthus meridionalis,1,-22.2,5.1,,,,,Palmqvist 2008
Spain,early Pleistocene,C3,Hippopotamus antiquus,1,-22.3,7.7,,,,,Palmqvist 2008
Spain,early Pleistocene,C3,Hippopotamus antiquus,1,-22.6,7.4,,,,,Palmqvist 2008
Spain,early Pleistocene,C3,Hippopotamus antiquus,1,-21.2,7.1,,,,,Palmqvist 2008
Spain,early Pleistocene,C3,Hippopotamus antiquus,1,-23,5.7,,,,,Palmqvist 2008
Spain,early Pleistocene,C3,Hippopotamus antiquus,1,-22.2,6,,,,,Palmqvist 2008
Spain,early Pleistocene,C3,Bison sp.,1,-22.1,3.8,,,,,Palmqvist 2008
Spain,early Pleistocene,C3,Bison sp.,1,-21.5,3.6,,,,,Palmqvist 2008
Spain,early Pleistocene,C3,Bison sp.,1,-21.4,3.5,,,,,Palmqvist 2008
Spain,early Pleistocene,C3,Bison sp.,1,-21.8,4,,,,,Palmqvist 2008
Spain,early Pleistocene,C3,Bison sp.,1,-22.7,4.6,,,,,Palmqvist 2008
Spain,early Pleistocene,C3,Bison sp.,1,-22.4,3.1,,,,,Palmqvist 2008
Spain,early Pleistocene,C3,Soergelia minor,1,-23.2,3.2,,,,,Palmqvist 2008
Spain,early Pleistocene,C3,Soergelia minor,1,-23.5,3.4,,,,,Palmqvist 2008
Spain,early Pleistocene,C3,Soergelia minor,1,-23,3.8,,,,,Palmqvist 2008
Spain,early Pleistocene,C3,Soergelia minor,1,-23.9,2.2,,,,,Palmqvist 2008
Spain,early Pleistocene,C3,Soergelia minor,1,-23.4,4.3,,,,,Palmqvist 2008
Spain,early Pleistocene,C3,Hemitragus albus,1,-20.9,4,,,,,Palmqvist 2008
Spain,early Pleistocene,C3,Hemitragus albus,1,-20.1,3.9,,,,,Palmqvist 2008
Spain,early Pleistocene,C3,Hemitragus albus,1,-20.4,3.7,,,,,Palmqvist 2008
Spain,early Pleistocene,C3,Hemitragus albus,1,-21.6,3.4,,,,,Palmqvist 2008
Spain,early Pleistocene,C3,Pseudodama sp.,1,-23.6,2.5,,,,,Palmqvist 2008
Spain,early Pleistocene,C3,Pseudodama sp.,1,-23.8,2.9,,,,,Palmqvist 2008
Spain,early Pleistocene,C3,Pseudodama sp.,1,-23.2,2.6,,,,,Palmqvist 2008
Spain,early Pleistocene,C3,Pseudodama sp.,1,-22.8,1.8,,,,,Palmqvist 2008
Spain,early Pleistocene,C3,Pseudodama sp.,1,-22.2,2.2,,,,,Palmqvist 2008
Spain,early Pleistocene,C3,Praemegaceros verticornis,1,-25.9,1.6,,,,,Palmqvist 2008
Spain,early Pleistocene,C3,Praemegaceros verticornis,1,-25.6,1.3,,,,,Palmqvist 2008
Spain,early Pleistocene,C3,Praemegaceros verticornis,1,-25.4,1.8,,,,,Palmqvist 2008
Spain,early Pleistocene,C3,Praemegaceros verticornis,1,-25.8,1.4,,,,,Palmqvist 2008
Spain,early Pleistocene,C3,Praemegaceros verticornis,1,-25.9,2.3,,,,,Palmqvist 2008
Spain,early Pleistocene,C3,Praemegaceros verticornis,1,-24.4,1.7,,,,,Palmqvist 2008
Spain,early Pleistocene,C3,Praemegaceros verticornis,1,-25.2,2,,,,,Palmqvist 2008
Spain,early Pleistocene,C3,Stephanorhinus etruscus,1,-26.5,3.9,,,,,Palmqvist 2008
Spain,early Pleistocene,C3,Stephanorhinus etruscus,1,-26.6,3.7,,,,,Palmqvist 2008
Spain,early Pleistocene,C3,Stephanorhinus etruscus,1,-26.2,3.5,,,,,Palmqvist 2008
Spain,early Pleistocene,C3,Stephanorhinus etruscus,1,-25.8,3,,,,,Palmqvist 2008
Spain,early Pleistocene,C3,Stephanorhinus etruscus,1,-25.2,3.6,,,,,Palmqvist 2008
Spain,early Pleistocene,C3,Equus altidens,1,-26.1,2,,,,,Palmqvist 2008
Spain,early Pleistocene,C3,Equus altidens,1,-26.7,3.5,,,,,Palmqvist 2008
Spain,early Pleistocene,C3,Equus altidens,1,-26,3,,,,,Palmqvist 2008
Spain,early Pleistocene,C3,Equus altidens,1,-26,3.3,,,,,Palmqvist 2008
Spain,early Pleistocene,C3,Equus altidens,1,-25.5,3.5,,,,,Palmqvist 2008
Spain,early Pleistocene,C3,Equus altidens,1,-25,2.1,,,,,Palmqvist 2008
Spain,early Pleistocene,C3,Equus altidens,1,-25.8,2.8,,,,,Palmqvist 2008
Spain,early Pleistocene,C3,Equus altidens,1,-26.6,3.1,,,,,Palmqvist 2008
Spain,early Pleistocene,C3,Equus altidens,1,-25.8,3.5,,,,,Palmqvist 2008
Spain,early Pleistocene,C3,Equus altidens,1,-26.3,2,,,,,Palmqvist 2008
Spain,early Pleistocene,C3,Equus altidens,1,-25.1,2.6,,,,,Palmqvist 2008
Spain,early Pleistocene,C3,Pachycrocuta brevirostrias,2,-22.5,6.1,H,110,110,Figueirido et al. 2011,Palmqvist 2008
Spain,early Pleistocene,C3,Pachycrocuta brevirostris,2,-23,4.7,H,110,110,Figueirido et al. 2011,Palmqvist 2008
Spain,early Pleistocene,C3,Pachycrocuta brevirostris,2,-21.5,5.8,H,110,110,Figueirido et al. 2011,Palmqvist 2008
Spain,early Pleistocene,C3,Pachycrocuta brevirostris,2,-21.5,6.7,H,110,110,Figueirido et al. 2011,Palmqvist 2008
Spain,early Pleistocene,C3,Homotherium latidens,2,-21.7,6.8,F,146,220,Palmqvist 1996,Palmqvist 2008
Spain,early Pleistocene,C3,Homotherium latidens,2,-22.7,6.5,F,146,220,Palmqvist 1996,Palmqvist 2008
Spain,early Pleistocene,C3,Homotherium latidens,2,-23.9,5.6,F,146,220,Palmqvist 1996,Palmqvist 2008
Spain,early Pleistocene,C3,Megantereon whitei,2,-25.2,5.8,F,100,160,Palmqvist 1996,Palmqvist 2008
Spain,early Pleistocene,C3,Megantereon whitei,2,-24.4,5.1,F,100,160,Palmqvist 1996,Palmqvist 2008
Spain,early Pleistocene,C3,Panthera cf. gombaszoegensis,2,-23.3,5,F,110,210,"Marciszak, 2022",Palmqvist 2008
Spain,early Pleistocene,C3,Ursus etruscus,2,-23.8,6.7,U,89.1,89.1,"Koufos et al., 2018",Palmqvist 2008
Spain,early Pleistocene,C3,Ursus etruscus,2,-21.9,7.4,U,89.1,89.1,"Koufos et al., 2018",Palmqvist 2008
Spain,early Pleistocene,C3,Ursus etruscus,2,-23.6,6,U,89.1,89.1,"Koufos et al., 2018",Palmqvist 2008
Spain,early Pleistocene,C3,Lycaon lycaonoides,2,-22.7,6.5,C,30,30,"Palmqvist et al., 2002",Palmqvist 2008
Spain,early Pleistocene,C3,Lycaon lycaonoides,2,-23.8,5.6,C,30,30,"Palmqvist et al., 2002",Palmqvist 2008
Spain,early Pleistocene,C3,Lycaon lycaonoides,2,-22.9,5.2,C,30,30,"Palmqvist et al., 2002",Palmqvist 2008
Spain,early Pleistocene,C3,Canis mosbachensis,2,-23.5,5.3,C,20.36,23.78,"Flower, 2016",Palmqvist 2008
Spain,early Pleistocene,C3,Canis mosbachensis,2,-21.8,4.1,C,20.36,23.78,"Flower, 2016",Palmqvist 2008
Spain,early Pleistocene,C3,Canis mosbachensis,2,-22.2,4.7,C,20.36,23.78,"Flower, 2016",Palmqvist 2008
Beringia,Pre-glacial,C3,Arctodus,2,-19.1,3.1,U,570,1000,"Sorkin, 2006",FoxDobbs 2008
Beringia,Pre-glacial,C3,Arctodus,2,-19.6,4.9,U,570,1000,"Sorkin, 2006",FoxDobbs 2008
Beringia,Full-glacial,C3,Arctodus,2,-19.1,3.4,U,570,1000,"Sorkin, 2006",FoxDobbs 2008
Beringia,Pre-glacial,C3,Arctodus,2,-19.4,3.9,U,570,1000,"Sorkin, 2006",FoxDobbs 2008
Beringia,Pre-glacial,C3,Canis,2,-21.3,0.8,C,23,80,,FoxDobbs 2008
Beringia,Post-glacial,C3,Canis,2,-20.3,3.2,C,23,80,,FoxDobbs 2008
Beringia,Pre-glacial,C3,Canis,2,-20.7,1.6,C,23,80,,FoxDobbs 2008
Beringia,Pre-glacial,C3,Canis,2,-20.7,3.5,C,23,80,,FoxDobbs 2008
Beringia,Pre-glacial,C3,Canis,2,-19.6,2.7,C,23,80,,FoxDobbs 2008
Beringia,Full-glacial,C3,Canis,2,-19.6,4.7,C,23,80,,FoxDobbs 2008
Beringia,Post-glacial,C3,Canis,2,-20,3.3,C,23,80,,FoxDobbs 2008
Beringia,Pre-glacial,C3,Canis,2,-20.4,4,C,23,80,,FoxDobbs 2008
Beringia,Pre-glacial,C3,Canis,2,-20.1,2,C,23,80,,FoxDobbs 2008
Beringia,Pre-glacial,C3,Canis,2,-21.6,1.1,C,23,80,,FoxDobbs 2008
Beringia,Pre-glacial,C3,Canis,2,-20.4,2.9,C,23,80,,FoxDobbs 2008
Beringia,Pre-glacial,C3,Canis,2,-20.7,1.8,C,23,80,,FoxDobbs 2008
Beringia,Post-glacial,C3,Canis,2,-21.8,3.5,C,23,80,,FoxDobbs 2008
Beringia,Pre-glacial,C3,Canis,2,-21.4,1.6,C,23,80,,FoxDobbs 2008
Beringia,Pre-glacial,C3,Canis,2,-21,1.6,C,23,80,,FoxDobbs 2008
Beringia,Pre-glacial,C3,Canis,2,-20.3,4.6,C,23,80,,FoxDobbs 2008
Beringia,Pre-glacial,C3,Canis,2,-20.1,2.1,C,23,80,,FoxDobbs 2008
Beringia,Post-glacial,C3,Canis,2,-20.5,4,C,23,80,,FoxDobbs 2008
Beringia,Full-glacial,C3,Canis,2,-20.6,5.7,C,23,80,,FoxDobbs 2008
Beringia,Post-glacial,C3,Canis,2,-20.5,2.7,C,23,80,,FoxDobbs 2008
Beringia,Pre-glacial,C3,Canis,2,-20.7,2.4,C,23,80,,FoxDobbs 2008
Beringia,Post-glacial,C3,Canis,2,-19.9,4.2,C,23,80,,FoxDobbs 2008
Beringia,Full-glacial,C3,Canis,2,-20.6,8.1,C,23,80,,FoxDobbs 2008
Beringia,Post-glacial,C3,Canis,2,-20.2,3.4,C,23,80,,FoxDobbs 2008
Beringia,Full-glacial,C3,Canis,2,-20.6,4.7,C,23,80,,FoxDobbs 2008
Beringia,Pre-glacial,C3,Canis,2,-20.4,1.5,C,23,80,,FoxDobbs 2008
Beringia,Pre-glacial,C3,Canis,2,-20.7,4,C,23,80,,FoxDobbs 2008
Beringia,Pre-glacial,C3,Canis,2,-20.3,4.6,C,23,80,,FoxDobbs 2008
Beringia,Pre-glacial,C3,Canis,2,-19.8,3.9,C,23,80,,FoxDobbs 2008
Beringia,Full-glacial,C3,Canis,2,-20.5,3.9,C,23,80,,FoxDobbs 2008
Beringia,Pre-glacial,C3,Canis,2,-21.5,1.6,C,23,80,,FoxDobbs 2008
Beringia,Post-glacial,C3,Canis,2,-21,3.3,C,23,80,,FoxDobbs 2008
Beringia,Pre-glacial,C3,Canis,2,-20.5,2.2,C,23,80,,FoxDobbs 2008
Beringia,Pre-glacial,C3,Canis,2,-21.1,1.2,C,23,80,,FoxDobbs 2008
Beringia,Full-glacial,C3,Canis,2,-21.1,4.7,C,23,80,,FoxDobbs 2008
Beringia,Pre-glacial,C3,Canis,2,-20.2,1.8,C,23,80,,FoxDobbs 2008
Beringia,Pre-glacial,C3,Canis,2,-20.5,5.1,C,23,80,,FoxDobbs 2008
Beringia,Post-glacial,C3,Canis,2,-20.2,3.3,C,23,80,,FoxDobbs 2008
Beringia,Full-glacial,C3,Canis,2,-20.4,4.5,C,23,80,,FoxDobbs 2008
Beringia,Holocene,C3,Canis,2,-20.7,1,C,23,80,,FoxDobbs 2008
Beringia,Pre-glacial,C3,Homotherium,2,-21,4.4,F,146,220,Palmqvist 1996,FoxDobbs 2008
Beringia,Pre-glacial,C3,Homotherium,2,-20.2,4.6,F,146,220,Palmqvist 1996,FoxDobbs 2008
Beringia,Pre-glacial,C3,Homotherium,2,-20.7,1.3,F,146,220,Palmqvist 1996,FoxDobbs 2008
Beringia,Pre-glacial,C3,Homotherium,2,-19.6,0.9,F,146,220,Palmqvist 1996,FoxDobbs 2008
Beringia,Pre-glacial,C3,Homotherium,2,-20.5,4.6,F,146,220,Palmqvist 1996,FoxDobbs 2008
Beringia,Pre-glacial,C3,Homotherium,2,-20.4,3.4,F,146,220,Palmqvist 1996,FoxDobbs 2008
Beringia,Pre-glacial,C3,Homotherium,2,-20.3,3.6,F,146,220,Palmqvist 1996,FoxDobbs 2008
Beringia,Pre-glacial,C3,Homotherium,2,-20.3,2.9,F,146,220,Palmqvist 1996,FoxDobbs 2008
Beringia,Pre-glacial,C3,Homotherium,2,-22,2,F,146,220,Palmqvist 1996,FoxDobbs 2008
Beringia,Pre-glacial,C3,Homotherium,2,-21.4,5.1,F,146,220,Palmqvist 1996,FoxDobbs 2008
Beringia,Pre-glacial,C3,Homotherium,2,-20.6,4.2,F,146,220,Palmqvist 1996,FoxDobbs 2008
Beringia,Post-glacial,C3,Panthera atrox,2,-20.3,2.9,F,344,420,Sherani 2016,FoxDobbs 2008
Beringia,Post-glacial,C3,Panthera atrox,2,-19.8,3.7,F,344,420,Sherani 2016,FoxDobbs 2008
Beringia,Post-glacial,C3,Panthera atrox,2,-20.1,2.1,F,344,420,Sherani 2016,FoxDobbs 2008
Beringia,Post-glacial,C3,Panthera atrox,2,-20.1,2.1,F,344,420,Sherani 2016,FoxDobbs 2008
Beringia,Full-glacial,C3,Panthera atrox,2,-19.9,3.5,F,344,420,Sherani 2016,FoxDobbs 2008
Beringia,Post-glacial,C3,Panthera atrox,2,-20.3,3.7,F,344,420,Sherani 2016,FoxDobbs 2008
Beringia,Full-glacial,C3,Panthera atrox,2,-20.9,3.8,F,344,420,Sherani 2016,FoxDobbs 2008
Beringia,Full-glacial,C3,Panthera atrox,2,-20.9,3.6,F,344,420,Sherani 2016,FoxDobbs 2008
Beringia,Full-glacial,C3,Ursus,2,-20.5,5.7,U,180,360,,FoxDobbs 2008
Beringia,Post-glacial,C3,Ursus,2,-19.8,3.7,U,180,360,,FoxDobbs 2008
Beringia,Pre-glacial,C3,Ursus,2,-20.7,1.4,U,180,360,,FoxDobbs 2008
Beringia,Post-glacial,C3,Ursus,2,-19.7,0.2,U,180,360,,FoxDobbs 2008
Beringia,Pre-glacial,C3,Ursus,2,-21.3,-1.3,U,180,360,,FoxDobbs 2008
Beringia,Pre-glacial,C3,Ursus,2,-20.5,3.1,U,180,360,,FoxDobbs 2008
Beringia,Pre-glacial,C3,Ursus,2,-20.8,1.7,U,180,360,,FoxDobbs 2008
Beringia,Pre-glacial,C3,Ursus,2,-20.9,1.8,U,180,360,,FoxDobbs 2008
Beringia,Post-glacial,C3,Ursus,2,-19.9,3.8,U,180,360,,FoxDobbs 2008
Beringia,Pre-glacial,C3,Ursus,2,-20.3,2.2,U,180,360,,FoxDobbs 2008
Beringia,Post-glacial,C3,Ursus,2,-20.4,1.9,U,180,360,,FoxDobbs 2008
Beringia,Post-glacial,C3,Ursus,2,-19.5,2.5,U,180,360,,FoxDobbs 2008
Beringia,Post-glacial,C3,Ursus,2,-19.8,3.4,U,180,360,,FoxDobbs 2008
Beringia,Post-glacial,C3,Ursus,2,-20.7,0.8,U,180,360,,FoxDobbs 2008
Beringia,Full-glacial,C3,Ursus,2,-20.2,1.5,U,180,360,,FoxDobbs 2008
Beringia,Post-glacial,C3,Ursus,2,-19.8,2.9,U,180,360,,FoxDobbs 2008
Beringia,,C3,Bison,1,-20.08,4.38,,,,,FoxDobbs 2008
Beringia,,C3,Bison,1,-21.34,4.38,,,,,FoxDobbs 2008
Beringia,,C3,Bison,1,-20.1,5.21,,,,,FoxDobbs 2008
Beringia,,C3,Bison,1,-20.51,5.22,,,,,FoxDobbs 2008
Beringia,,C3,Bison,1,-20.88,3.73,,,,,FoxDobbs 2008
Beringia,,C3,Bison,1,-19.77,2.93,,,,,FoxDobbs 2008
Beringia,,C3,Bos,1,-21.68,4.77,,,,,FoxDobbs 2008
Beringia,,C3,Bos,1,-24.16,0.47,,,,,FoxDobbs 2008
Beringia,,C3,Bos,1,-20.38,0.98,,,,,FoxDobbs 2008
Beringia,,C3,Bos,1,-20.73,2.65,,,,,FoxDobbs 2008
Beringia,,C3,Bos,1,-21.26,7.03,,,,,FoxDobbs 2008
Beringia,Post-glacial,C3,Equus,1,-20.7,2.94,,,,,FoxDobbs 2008
Beringia,Post-glacial,C3,Equus,1,-20.93,3.08,,,,,FoxDobbs 2008
Beringia,Pre-glacial,C3,Equus,1,-21.25,1.41,,,,,FoxDobbs 2008
Beringia,Full-glacial,C3,Equus,1,-21.07,4.52,,,,,FoxDobbs 2008
Beringia,Full-glacial,C3,Equus,1,-21.03,3.74,,,,,FoxDobbs 2008
Beringia,Full-glacial,C3,Equus,1,-20.97,3.76,,,,,FoxDobbs 2008
Beringia,Full-glacial,C3,Equus,1,-21.87,3.82,,,,,FoxDobbs 2008
Beringia,Full-glacial,C3,Equus,1,-20.81,3.6,,,,,FoxDobbs 2008
Beringia,Full-glacial,C3,Equus,1,-21.05,4.73,,,,,FoxDobbs 2008
Beringia,Post-glacial,C3,Equus,1,-21.29,1.64,,,,,FoxDobbs 2008
Beringia,Post-glacial,C3,Equus,1,-20.95,4.79,,,,,FoxDobbs 2008
Beringia,Full-glacial,C3,Equus,1,-21.32,3.96,,,,,FoxDobbs 2008
Beringia,Full-glacial,C3,Equus,1,-21.2,5.07,,,,,FoxDobbs 2008
Beringia,Pre-glacial,C3,Equus,1,-21.09,3.94,,,,,FoxDobbs 2008
Beringia,Pre-glacial,C3,Equus,1,-21.58,3.58,,,,,FoxDobbs 2008
Beringia,Pre-glacial,C3,Equus,1,-20.7,2.85,,,,,FoxDobbs 2008
Beringia,Pre-glacial,C3,Equus,1,-20.87,2.64,,,,,FoxDobbs 2008
Beringia,Full-glacial,C3,Equus,1,-21.45,2.53,,,,,FoxDobbs 2008
Beringia,Post-glacial,C3,Equus,1,-21.19,4.65,,,,,FoxDobbs 2008
Beringia,Pre-glacial,C3,Equus,1,-21.48,2.47,,,,,FoxDobbs 2008
Beringia,Pre-glacial,C3,Equus,1,-21.5,2.98,,,,,FoxDobbs 2008
Beringia,Full-glacial,C3,Equus,1,-21.25,3.99,,,,,FoxDobbs 2008
Beringia,Post-glacial,C3,Equus,1,-21.28,4.29,,,,,FoxDobbs 2008
Beringia,Pre-glacial,C3,Equus,1,-21.7,0.74,,,,,FoxDobbs 2008
Beringia,Full-glacial,C3,Equus,1,-20.76,4.23,,,,,FoxDobbs 2008
Beringia,Full-glacial,C3,Equus,1,-21.4,3.23,,,,,FoxDobbs 2008
Beringia,Pre-glacial,C3,Equus,1,-21.5,1.65,,,,,FoxDobbs 2008
Beringia,Post-glacial,C3,Equus,1,-20.89,2.54,,,,,FoxDobbs 2008
Beringia,Full-glacial,C3,Equus,1,-21.23,4.96,,,,,FoxDobbs 2008
Beringia,Full-glacial,C3,Equus,1,-20.85,3.47,,,,,FoxDobbs 2008
Beringia,Pre-glacial,C3,Equus,1,-20.63,4.43,,,,,FoxDobbs 2008
Beringia,Post-glacial,C3,Equus,1,-20.9,3.85,,,,,FoxDobbs 2008
Beringia,,C3,Mammuthus,1,-21,6.4,,,,,FoxDobbs 2008
Beringia,,C3,Mammuthus,1,-20.8,6.8,,,,,FoxDobbs 2008
Beringia,,C3,Mammuthus,1,-21.3,6.85,,,,,FoxDobbs 2008
Beringia,,C3,Mammuthus,1,-21.1,8.3,,,,,FoxDobbs 2008
Beringia,,C3,Mammuthus,1,-21.2,8.5,,,,,FoxDobbs 2008
Beringia,Full-glacial,C3,Rangifer,1,-20.08,3.63,,,,,FoxDobbs 2008
Beringia,Post-glacial,C3,Rangifer,1,-19.45,1.97,,,,,FoxDobbs 2008
Beringia,Post-glacial,C3,Rangifer,1,-19.21,3.26,,,,,FoxDobbs 2008
Beringia,Pre-glacial,C3,Rangifer,1,-19.31,3.13,,,,,FoxDobbs 2008
Beringia,Pre-glacial,C3,Rangifer,1,-19.72,3.65,,,,,FoxDobbs 2008
Beringia,Pre-glacial,C3,Rangifer,1,-19.19,1.69,,,,,FoxDobbs 2008
Beringia,Pre-glacial,C3,Rangifer,1,-19.43,4.67,,,,,FoxDobbs 2008
Beringia,Post-glacial,C3,Rangifer,1,-20.07,5.43,,,,,FoxDobbs 2008
Beringia,Pre-glacial,C3,Rangifer,1,-19.27,2.13,,,,,FoxDobbs 2008
Beringia,Post-glacial,C3,Rangifer,1,-18.99,3.13,,,,,FoxDobbs 2008
Beringia,Pre-glacial,C3,Symbos,1,-19.89,0.09,,,,,FoxDobbs 2008
Beringia,,C3,Symbos,1,-20.94,1.16,,,,,FoxDobbs 2008
Beringia,,C3,Symbos,1,-17.51,3.96,,,,,FoxDobbs 2008
Beringia,,C3,Symbos,1,-19.96,0.4,,,,,FoxDobbs 2008
Beringia,,C3,Symbos,1,-19.71,0.24,,,,,FoxDobbs 2008
Beringia,,C3,Symbos,1,-20.32,0.8,,,,,FoxDobbs 2008
Beringia,Pre-glacial,C3,Symbos,1,-20.36,3.33,,,,,FoxDobbs 2008
Beringia,,C3,Symbos,1,-19.92,0.26,,,,,FoxDobbs 2008
Beringia,,C3,Symbos,1,-20.19,0.01,,,,,FoxDobbs 2008
Beringia,,C3,Symbos,1,-20.72,3.2,,,,,FoxDobbs 2008
Friesenhahn Cave,Full-glacial,C3C4,Mammut,1,-9.878,,,,,,Koch 2004
Friesenhahn Cave,Full-glacial,C3C4,Mammut,1,-9.97,,,,,,Koch 2004
Friesenhahn Cave,Full-glacial,C3C4,Mammut,1,-10.07,,,,,,Koch 2004
Friesenhahn Cave,Full-glacial,C3C4,Mammut,1,-11.73,,,,,,Koch 2004
Friesenhahn Cave,Full-glacial,C3C4,Mammut,1,-11.126,,,,,,Koch 2004
Friesenhahn Cave,Full-glacial,C3C4,Mammut,1,-9.448,,,,,,Koch 2004
Friesenhahn Cave,Full-glacial,C3C4,Mammuthus,1,-5.088333333,,,,,,Koch 2004
Friesenhahn Cave,Full-glacial,C3C4,Mammuthus,1,-1.493,,,,,,Koch 2004
Friesenhahn Cave,Full-glacial,C3C4,Mammuthus,1,-1.362,,,,,,Koch 2004
Friesenhahn Cave,Full-glacial,C3C4,Mammuthus,1,-2.093,,,,,,Koch 2004
Friesenhahn Cave,Full-glacial,C3C4,Mammuthus,1,-0.055,,,,,,Koch 2004
Friesenhahn Cave,Full-glacial,C3C4,Mammuthus,1,-1.188333333,,,,,,Koch 2004
Friesenhahn Cave,Full-glacial,C3C4,Mammuthus,1,-1.700277778,,,,,,Koch 2004
Friesenhahn Cave,Full-glacial,C3C4,Mammuthus,1,,,,,,,Koch 2004
Friesenhahn Cave,Full-glacial,C3C4,Mammuthus,1,-0.139,,,,,,Koch 2004
Friesenhahn Cave,Full-glacial,C3C4,Mammuthus,1,-1.21,,,,,,Koch 2004
Friesenhahn Cave,Full-glacial,C3C4,Mammuthus,1,-3.346,,,,,,Koch 2004
Friesenhahn Cave,Full-glacial,C3C4,Mammuthus,1,-0.018,,,,,,Koch 2004
Friesenhahn Cave,Full-glacial,C3C4,Mammuthus,1,-1.386,,,,,,Koch 2004
Friesenhahn Cave,Full-glacial,C3C4,Mammuthus,1,-3.869,,,,,,Koch 2004
Friesenhahn Cave,Full-glacial,C3C4,Mammuthus,1,,,,,,,Koch 2004
Friesenhahn Cave,Full-glacial,C3C4,Mammuthus,1,-1.047,,,,,,Koch 2004
Friesenhahn Cave,Full-glacial,C3C4,Mammuthus,1,-1.898333333,,,,,,Koch 2004
Friesenhahn Cave,Full-glacial,C3C4,Mammuthus,1,-3.525111111,,,,,,Koch 2004
Friesenhahn Cave,Full-glacial,C3C4,Mammuthus,1,,,,,,,Koch 2004
Friesenhahn Cave,Full-glacial,C3C4,Equus,1,-3.89,,,,,,Koch 2004
Friesenhahn Cave,Full-glacial,C3C4,Equus,1,-4.087,,,,,,Koch 2004
Friesenhahn Cave,Full-glacial,C3C4,Equus,1,-3.877,,,,,,Koch 2004
Friesenhahn Cave,Full-glacial,C3C4,Bison,1,-2.098333333,,,,,,Koch 2004
Friesenhahn Cave,Full-glacial,C3C4,Bison,1,-1.104,,,,,,Koch 2004
Friesenhahn Cave,Full-glacial,C3C4,Bison,1,-2.767,,,,,,Koch 2004
Friesenhahn Cave,Full-glacial,C3C4,Bison,1,0.306,,,,,,Koch 2004
Friesenhahn Cave,Full-glacial,C3C4,Bison,1,-1.977,,,,,,Koch 2004
Friesenhahn Cave,Full-glacial,C3C4,Odocoileus,1,-11.342,,,,,,Koch 2004
Friesenhahn Cave,Full-glacial,C3C4,Odocoileus,1,-11.832,,,,,,Koch 2004
Friesenhahn Cave,Full-glacial,C3C4,Mylohyus,1,-10.012,,,,,,Koch 2004
Friesenhahn Cave,Full-glacial,C3C4,Mylohyus,1,-9.752,,,,,,Koch 2004
Friesenhahn Cave,Full-glacial,C3C4,Tapirus,1,-11.682,,,,,,Koch 2004
Friesenhahn Cave,Full-glacial,C3C4,Tapirus,1,-11.23226667,,,,,,Koch 2004
Friesenhahn Cave,Full-glacial,C3C4,Tapirus,1,-10.582,,,,,,Koch 2004
Friesenhahn Cave,Full-glacial,C3C4,Platygonus,1,-9.202,,,,,,Koch 2004
Friesenhahn Cave,Full-glacial,C3C4,Camelops,1,-1.533,,,,,,Koch 2004
Friesenhahn Cave,Full-glacial,C3C4,Camelops,1,-7.502,,,,,,Koch 2004
Friesenhahn Cave,Full-glacial,C3C4,Homotherium,2,-4.363,,F,146,220,Palmqvist 1996,Koch-unpublished
Friesenhahn Cave,Full-glacial,C3C4,Homotherium,2,-4.383,,F,146,220,Palmqvist 1996,Koch-unpublished
Friesenhahn Cave,Full-glacial,C3C4,Homotherium,2,-4.723,,F,146,220,Palmqvist 1996,Koch-unpublished
Friesenhahn Cave,Full-glacial,C3C4,Homotherium,2,-3.764,,F,146,220,Palmqvist 1996,Koch-unpublished
Friesenhahn Cave,Full-glacial,C3C4,Homotherium_ds,2,-4.7,,F,146,220,Palmqvist 1996,DeSantis 2021
Friesenhahn Cave,Full-glacial,C3C4,Homotherium_ds,2,-4.9,,F,146,220,Palmqvist 1996,DeSantis 2021
Friesenhahn Cave,Full-glacial,C3C4,Homotherium_ds,2,-4.6,,F,146,220,Palmqvist 1996,DeSantis 2021
Friesenhahn Cave,Full-glacial,C3C4,Homotherium_ds,2,-4.5,,F,146,220,Palmqvist 1996,DeSantis 2021
Friesenhahn Cave,Full-glacial,C3C4,Homotherium_ds,2,-4.3,,F,146,220,Palmqvist 1996,DeSantis 2021
Friesenhahn Cave,Full-glacial,C3C4,Homotherium_ds,2,-3.9,,F,146,220,Palmqvist 1996,DeSantis 2021
Friesenhahn Cave,Full-glacial,C3C4,Homotherium_ds,2,-5.9,,F,146,220,Palmqvist 1996,DeSantis 2021
Friesenhahn Cave,Full-glacial,C3C4,Homotherium_ds,2,-5,,F,146,220,Palmqvist 1996,DeSantis 2021
Friesenhahn Cave,Full-glacial,C3C4,Smilodon floridanus,2,-3.964,,F,160,280,"Hill, 2023",Koch-unpublished
Friesenhahn Cave,Full-glacial,C3C4,Smilodon floridanus,2,-10.563,,F,160,280,"Hill, 2023",Koch-unpublished
Friesenhahn Cave,Full-glacial,C3C4,Ursus americanus,2,-11.684,,U,227,370,,Koch-unpublished
Friesenhahn Cave,Full-glacial,C3C4,Ursus americanus,2,-9.023,,U,227,370,,Koch-unpublished
Friesenhahn Cave,Full-glacial,C3C4,Canis latrans,2,-5.753,,C,8,20,,Koch-unpublished
Friesenhahn Cave,Full-glacial,C3C4,Canis latrans,2,-8.833,,C,8,20,,Koch-unpublished
Friesenhahn Cave,Full-glacial,C3C4,Canis dirus,2,-6.034,,C,60,68,"Anyonge, 2006",Koch-unpublished
Ingleside,Pre-glacial,C3C4,Mammut,1,-10.428,,,,,,Koch 2004
Ingleside,Pre-glacial,C3C4,Mammut,1,-10.972,,,,,,Koch 2004
Ingleside,Pre-glacial,C3C4,Mammut,1,-10.717,,,,,,Koch 2004
Ingleside,Pre-glacial,C3C4,Mammut,1,-9.494,,,,,,Koch 2004
Ingleside,Pre-glacial,C3C4,Mammut,1,-10.05,,,,,,Koch 2004
Ingleside,Pre-glacial,C3C4,Mammut,1,-9.921,,,,,,Koch 2004
Ingleside,Pre-glacial,C3C4,Mammut,1,-10.454,,,,,,Koch 2004
Ingleside,Pre-glacial,C3C4,Mammut,1,-10.589,,,,,,Koch 2004
Ingleside,Pre-glacial,C3C4,Mammut,1,-11.419,,,,,,Koch 2004
Ingleside,Pre-glacial,C3C4,Mammut,1,-10.728,,,,,,Koch 2004
Ingleside,Pre-glacial,C3C4,Mammut,1,-10.819,,,,,,Koch 2004
Ingleside,Pre-glacial,C3C4,Mammuthus,1,-2.589,,,,,,Koch 2004
Ingleside,Pre-glacial,C3C4,Mammuthus,1,-1.641,,,,,,Koch 2004
Ingleside,Pre-glacial,C3C4,Mammuthus,1,-1.347,,,,,,Koch 2004
Ingleside,Pre-glacial,C3C4,Mammuthus,1,-0.834,,,,,,Koch 2004
Ingleside,Pre-glacial,C3C4,Mammuthus,1,-0.951,,,,,,Koch 2004
Ingleside,Pre-glacial,C3C4,Mammuthus,1,-1.095,,,,,,Koch 2004
Ingleside,Pre-glacial,C3C4,Mammuthus,1,-1.104,,,,,,Koch 2004
Ingleside,Pre-glacial,C3C4,Mammuthus,1,-2.253,,,,,,Koch 2004
Ingleside,Pre-glacial,C3C4,Cuvieronius,1,-7.23,,,,,,Koch 2004
Ingleside,Pre-glacial,C3C4,Paleolama,1,-10.403,,,,,,Koch 2004
Ingleside,Pre-glacial,C3C4,Paleolama,1,-10.5542,,,,,,Koch 2004
Ingleside,Pre-glacial,C3C4,Paleolama,1,-12.1012,,,,,,Koch 2004
Ingleside,Pre-glacial,C3C4,Paleolama,1,-11.743,,,,,,Koch 2004
Ingleside,Pre-glacial,C3C4,Paleolama,1,-10.643,,,,,,Koch 2004
Ingleside,Pre-glacial,C3C4,Camelops,1,-1.973,,,,,,Koch 2004
Ingleside,Pre-glacial,C3C4,Camelops,1,-11.9602,,,,,,Koch 2004
Ingleside,Pre-glacial,C3C4,Camelops,1,-11.7342,,,,,,Koch 2004
Ingleside,Pre-glacial,C3C4,Camelops,1,1.008,,,,,,Koch 2004
Ingleside,Pre-glacial,C3C4,Camelops,1,-9.883,,,,,,Koch 2004
Ingleside,Pre-glacial,C3C4,Tapirus,1,-11.293,,,,,,Koch 2004
Ingleside,Pre-glacial,C3C4,Tapirus,1,-10.553,,,,,,Koch 2004
Ingleside,Pre-glacial,C3C4,Tapirus,1,-11.682,,,,,,Koch 2004
Ingleside,Pre-glacial,C3C4,Tapirus,1,-11.6062,,,,,,Koch 2004
Ingleside,Pre-glacial,C3C4,Platygonus,1,-9.0572,,,,,,Koch 2004
Ingleside,Pre-glacial,C3C4,Platygonus,1,-8.7962,,,,,,Koch 2004
Ingleside,Pre-glacial,C3C4,Bison,1,-0.723,,,,,,Koch 2004
Ingleside,Pre-glacial,C3C4,Bison,1,0.415,,,,,,Koch 2004
Ingleside,Pre-glacial,C3C4,Bison,1,-1.965,,,,,,Koch 2004
Ingleside,Pre-glacial,C3C4,Bison,1,-0.827,,,,,,Koch 2004
Ingleside,Pre-glacial,C3C4,Bison,1,-0.717,,,,,,Koch 2004
Ingleside,Pre-glacial,C3C4,Bison,1,1.148,,,,,,Koch 2004
Ingleside,Pre-glacial,C3C4,Odocoileus,1,-11.894,,,,,,Koch 2004
Ingleside,Pre-glacial,C3C4,Odocoileus,1,-10.757,,,,,,Koch 2004
Ingleside,Pre-glacial,C3C4,Odocoileus,1,-13.104,,,,,,Koch 2004
Ingleside,Pre-glacial,C3C4,Odocoileus,1,-13.182,,,,,,Koch 2004
Ingleside,Pre-glacial,C3C4,Equus f,1,-0.975,,,,,,Koch 2004
Ingleside,Pre-glacial,C3C4,Equus f,1,-1.785,,,,,,Koch 2004
Ingleside,Pre-glacial,C3C4,Equus f,1,-3.975,,,,,,Koch 2004
Ingleside,Pre-glacial,C3C4,Equus f,1,-3.335,,,,,,Koch 2004
Ingleside,Pre-glacial,C3C4,Equus f,1,-2.759,,,,,,Koch 2004
Ingleside,Pre-glacial,C3C4,Equus f,1,-0.605,,,,,,Koch 2004
Ingleside,Pre-glacial,C3C4,Equus pacificus,1,-1.285,,,,,,Koch 2004
Ingleside,Pre-glacial,C3C4,Equus pacificus,1,-1.365,,,,,,Koch 2004
Ingleside,Pre-glacial,C3C4,Equus pacificus,1,-0.685,,,,,,Koch 2004
Ingleside,Pre-glacial,C3C4,Equus pacificus,1,-0.835,,,,,,Koch 2004
Ingleside,Pre-glacial,C3C4,Equus pacificus,1,-0.724,,,,,,Koch 2004
Ingleside,Pre-glacial,C3C4,Equus pacificus,1,-0.888,,,,,,Koch 2004
Ingleside,Pre-glacial,C3C4,Equus pacificus,1,-3.362,,,,,,Koch 2004
Ingleside,Pre-glacial,C3C4,Equus pacificus,1,-1.443,,,,,,Koch 2004
Ingleside,Pre-glacial,C3C4,Equus pacificus,1,-0.838,,,,,,Koch 2004
Ingleside,Pre-glacial,C3C4,Equus pacificus,1,-1.252476667,,,,,,Koch 2004
Ingleside,Pre-glacial,C3C4,Equus complicatus,1,-3.686956667,,,,,,Koch 2004
Ingleside,Pre-glacial,C3C4,Equus complicatus,1,-2.147,,,,,,Koch 2004
Ingleside,Pre-glacial,C3C4,Equus complicatus,1,-0.995,,,,,,Koch 2004
Ingleside,Pre-glacial,C3C4,Equus complicatus,1,-2.72,,,,,,Koch 2004
Ingleside,Pre-glacial,C3C4,Equus complicatus,1,-2.78,,,,,,Koch 2004
Ingleside,Pre-glacial,C3C4,Equus complicatus,1,-3.447,,,,,,Koch 2004
Ingleside,Pre-glacial,C3C4,Equus complicatus,1,-1.227,,,,,,Koch 2004
Ingleside,Pre-glacial,C3C4,Equus complicatus,1,-0.744,,,,,,Koch 2004
Ingleside,Pre-glacial,C3C4,Canis dirus,2,-8.483,,C,60,68,"Anyonge, 2006",Koch-unpublished
Ingleside,Pre-glacial,C3C4,Canis dirus,2,-9.614,,C,60,68,"Anyonge, 2006",Koch-unpublished
Ingleside,Pre-glacial,C3C4,Canis dirus,2,-7.664,,C,60,68,"Anyonge, 2006",Koch-unpublished
Ingleside,Pre-glacial,C3C4,Tremarctos floridanus,2,-14.52,,U,110,110,"Dantas, 2022",Koch-unpublished
Ingleside,Pre-glacial,C3C4,Smilodon fatalis,2,-4.853,,F,160,280,"Hill, 2023",Koch-unpublished
Ingleside,Pre-glacial,C3C4,Panthera atox,2,-8.153,,F,344,420,Sherani 2016,Koch-unpublished
Fairmead,mid-Pleistocene,C3C4,Arctodus simus,2,-11.9,,U,570,1000,"Sorkin, 2006",Trayler 2015
Fairmead,mid-Pleistocene,C3C4,Canis dirus,2,-12.5,,C,60,68,"Anyonge, 2006",Trayler 2015
Fairmead,mid-Pleistocene,C3C4,Canis dirus,2,-10.8,,C,60,68,"Anyonge, 2006",Trayler 2015
Fairmead,mid-Pleistocene,C3C4,Canis dirus,2,-12.5,,C,60,68,"Anyonge, 2006",Trayler 2015
Fairmead,mid-Pleistocene,C3C4,Canis dirus,2,-11.1,,C,60,68,"Anyonge, 2006",Trayler 2015
Fairmead,mid-Pleistocene,C3C4,Canis dirus,2,-11.1,,C,60,68,"Anyonge, 2006",Trayler 2015
Fairmead,mid-Pleistocene,C3C4,Canis dirus,2,-13.1,,C,60,68,"Anyonge, 2006",Trayler 2015
Fairmead,mid-Pleistocene,C3C4,Canis dirus,2,-12.7,,C,60,68,"Anyonge, 2006",Trayler 2015
Fairmead,mid-Pleistocene,C3C4,Canis dirus,2,-13,,C,60,68,"Anyonge, 2006",Trayler 2015
Fairmead,mid-Pleistocene,C3C4,Canis latrans,2,-10.7,,C,8,20,,Trayler 2015
Fairmead,mid-Pleistocene,C3C4,Canis latrans,2,-13.1,,C,8,20,,Trayler 2015
Fairmead,mid-Pleistocene,C3C4,Canis latrans,2,-12.3,,C,8,20,,Trayler 2015
Fairmead,mid-Pleistocene,C3C4,Canis latrans,2,-12.8,,C,8,20,,Trayler 2015
Fairmead,mid-Pleistocene,C3C4,Canis latrans,2,-12.4,,C,8,20,,Trayler 2015
Fairmead,mid-Pleistocene,C3C4,Homotherium sp.,2,-13.5,,F,146,220,Palmqvist 1996,Trayler 2015
Fairmead,mid-Pleistocene,C3C4,Smilodon sp. ,2,-13.4,,F,160,280,"Hill, 2023",Trayler 2015
Fairmead,mid-Pleistocene,C3C4,Smilodon sp. ,2,-11.8,,F,160,280,"Hill, 2023",Trayler 2015
Fairmead,mid-Pleistocene,C3C4,Smilodon sp. ,2,-11.2,,F,160,280,"Hill, 2023",Trayler 2015
Fairmead,mid-Pleistocene,C3C4,Miracinonyx sp.,2,-11.6,,F,50,50,"Figueirido, 2022",Trayler 2015
Fairmead,mid-Pleistocene,C3C4,Camelops sp.,1,-8.4,,,,,,Trayler 2015
Fairmead,mid-Pleistocene,C3C4,Camelops sp.,1,-9.5,,,,,,Trayler 2015
Fairmead,mid-Pleistocene,C3C4,Camelops sp.,1,-8.8,,,,,,Trayler 2015
Fairmead,mid-Pleistocene,C3C4,Camelops sp.,1,-10.1,,,,,,Trayler 2015
Fairmead,mid-Pleistocene,C3C4,Camelops sp.,1,-8.9,,,,,,Trayler 2015
Fairmead,mid-Pleistocene,C3C4,Camelops sp.,1,-8.1,,,,,,Trayler 2015
Fairmead,mid-Pleistocene,C3C4,Camelops sp.,1,-10.2,,,,,,Trayler 2015
Fairmead,mid-Pleistocene,C3C4,Camelops sp.,1,-8.9,,,,,,Trayler 2015
Fairmead,mid-Pleistocene,C3C4,Camelops sp.,1,-10.9,,,,,,Trayler 2015
Fairmead,mid-Pleistocene,C3C4,Camelops sp.,1,-9.4,,,,,,Trayler 2015
Fairmead,mid-Pleistocene,C3C4,Camelops sp.,1,-11.7,,,,,,Trayler 2015
Fairmead,mid-Pleistocene,C3C4,Camelops sp.,1,-9.8,,,,,,Trayler 2015
Fairmead,mid-Pleistocene,C3C4,Camelops sp.,1,-8.5,,,,,,Trayler 2015
Fairmead,mid-Pleistocene,C3C4,Camelops sp.,1,-9.2,,,,,,Trayler 2015
Fairmead,mid-Pleistocene,C3C4,Camelops sp.,1,-9.6,,,,,,Trayler 2015
Fairmead,mid-Pleistocene,C3C4,Camelops sp.,1,-8.2,,,,,,Trayler 2015
Fairmead,mid-Pleistocene,C3C4,Equus sp.,1,-11.6,,,,,,Trayler 2015
Fairmead,mid-Pleistocene,C3C4,Equus sp.,1,-11.4,,,,,,Trayler 2015
Fairmead,mid-Pleistocene,C3C4,Equus sp.,1,-8.8,,,,,,Trayler 2015
Fairmead,mid-Pleistocene,C3C4,Equus sp.,1,-12.8,,,,,,Trayler 2015
Fairmead,mid-Pleistocene,C3C4,Equus sp.,1,-8.5,,,,,,Trayler 2015
Fairmead,mid-Pleistocene,C3C4,Equus sp.,1,-12.5,,,,,,Trayler 2015
Fairmead,mid-Pleistocene,C3C4,Equus sp.,1,-11.3,,,,,,Trayler 2015
Fairmead,mid-Pleistocene,C3C4,Hemiauchenia sp.,1,-13.3,,,,,,Trayler 2015
Fairmead,mid-Pleistocene,C3C4,Hemiauchenia sp.,1,-9.3,,,,,,Trayler 2015
Fairmead,mid-Pleistocene,C3C4,Hemiauchenia sp.,1,-11.8,,,,,,Trayler 2015
Fairmead,mid-Pleistocene,C3C4,Mammuthus columbi,1,-10.6,,,,,,Trayler 2015
Fairmead,mid-Pleistocene,C3C4,Mammuthus columbi,1,-10.7,,,,,,Trayler 2015
Fairmead,mid-Pleistocene,C3C4,Mammuthus columbi,1,-11.1,,,,,,Trayler 2015
Fairmead,mid-Pleistocene,C3C4,Mammuthus columbi,1,-9.3,,,,,,Trayler 2015
Fairmead,mid-Pleistocene,C3C4,Mammuthus columbi,1,-12.2,,,,,,Trayler 2015
Fairmead,mid-Pleistocene,C3C4,Mammuthus columbi,1,-11.6,,,,,,Trayler 2015
Fairmead,mid-Pleistocene,C3C4,Mammuthus columbi,1,-9.7,,,,,,Trayler 2015
Fairmead,mid-Pleistocene,C3C4,Platygonus vetus,1,-13.5,,,,,,Trayler 2015
Fairmead,mid-Pleistocene,C3C4,Tetrameryx irvingtonensis,1,-10.8,,,,,,Trayler 2015
Fairmead,mid-Pleistocene,C3C4,Tetrameryx irvingtonensis,1,-11,,,,,,Trayler 2015
Fairmead,mid-Pleistocene,C3C4,Tetrameryx irvingtonensis,1,-11.5,,,,,,Trayler 2015
Fairmead,mid-Pleistocene,C3C4,Tetrameryx irvingtonensis,1,-10.5,,,,,,Trayler 2015
Fairmead,mid-Pleistocene,C3C4,Odocoileus virginianus,1,-12.46,,,,,,Trayler 2015
Fairmead,mid-Pleistocene,C3C4,Capromeryx sp.,1,-11.1,,,,,,Trayler 2015
Irvington,early Pleistocene,C3C4,Tetrameryx irvingtonensis,1,-12.76,,,,,,Trayler 2015
Irvington,early Pleistocene,C3C4,Tetrameryx irvingtonensis,1,-11.49,,,,,,Trayler 2015
Irvington,early Pleistocene,C3C4,Tetrameryx irvingtonensis,1,-13.24,,,,,,Trayler 2015
Irvington,early Pleistocene,C3C4,Tetrameryx irvingtonensis,1,-12.04,,,,,,Trayler 2015
Irvington,early Pleistocene,C3C4,Camelops minidokae,1,-12.07,,,,,,Trayler 2015
Irvington,early Pleistocene,C3C4,Camelops minidokae,1,-11.66,,,,,,Trayler 2015
Irvington,early Pleistocene,C3C4,Camelops minidokae ,1,-11.8,,,,,,Trayler 2015
Irvington,early Pleistocene,C3C4,Camelops minidokae ,1,-9.86,,,,,,Trayler 2015
Irvington,early Pleistocene,C3C4,Camelops minidokae,1,-11.15,,,,,,Trayler 2015
Irvington,early Pleistocene,C3C4,Equus sp.,1,-13.52,,,,,,Trayler 2015
Irvington,early Pleistocene,C3C4,Equus sp.,1,-12.27,,,,,,Trayler 2015
Irvington,early Pleistocene,C3C4,Equus sp.,1,-12.88,,,,,,Trayler 2015
Irvington,early Pleistocene,C3C4,Equus sp.,1,-10.53,,,,,,Trayler 2015
Irvington,early Pleistocene,C3C4,Equus sp.,1,-12.1,,,,,,Trayler 2015
Irvington,early Pleistocene,C3C4,Hemiauchenia ,1,-13.25,,,,,,Trayler 2015
Irvington,early Pleistocene,C3C4,Mammuthus columbi,1,-13.18,,,,,,Trayler 2015
Irvington,early Pleistocene,C3C4,Mammuthus columbi,1,-11.71,,,,,,Trayler 2015
Irvington,early Pleistocene,C3C4,Mammuthus columbi,1,-12.88,,,,,,Trayler 2015
Irvington,early Pleistocene,C3C4,Mammut americanum,1,-9.91,,,,,,Trayler 2015
Irvington,early Pleistocene,C3C4,Arctodus simus,2,-14.5,,U,570,1000,"Sorkin, 2006",Trayler 2015
Irvington,early Pleistocene,C3C4,Canis dirus,2,-14.35,,C,60,68,"Anyonge, 2006",Trayler 2015
Irvington,early Pleistocene,C3C4,Canis dirus,2,-12,,C,60,68,"Anyonge, 2006",Trayler 2015
Irvington,early Pleistocene,C3C4,Panthera onca,2,-16.08,,F,57,113,,Trayler 2015
Irvington,early Pleistocene,C3C4,Homotherium sp.,2,-15.05,,F,146,220,Palmqvist 1996,Trayler 2015
La Brea - P23,Pre-glacial,C3,Bison antiquus,1,-20,7.9,,,,,Fuller 2020
La Brea - P23,Pre-glacial,C3,Bison antiquus,1,-20.1,9.8,,,,,Fuller 2020
La Brea - P23,Pre-glacial,C3,Bison antiquus,1,-20.1,9.6,,,,,Fuller 2020
La Brea - P23,Pre-glacial,C3,Camelops hesternus,1,-19.6,8.2,,,,,Fuller 2020
La Brea - P23,Pre-glacial,C3,Canis dirus,2,-18,12,C,60,68,"Anyonge, 2006",Fuller et al. 2014
La Brea - P23,Pre-glacial,C3,Canis dirus,2,-18.1,8.8,C,60,68,"Anyonge, 2006",Fuller et al. 2014
La Brea - P23,Pre-glacial,C3,Canis dirus,2,-18.3,9,C,60,68,"Anyonge, 2006",Fuller 2020
La Brea - P23,Pre-glacial,C3,Canis dirus,2,-19,11,C,60,68,"Anyonge, 2006",Fuller et al. 2014
La Brea - P23,Pre-glacial,C3,Canis dirus,2,-18.9,10.7,C,60,68,"Anyonge, 2006",Fuller et al. 2014
La Brea - P23,Pre-glacial,C3,Canis dirus,2,-18.5,11.2,C,60,68,"Anyonge, 2006",Fuller 2020
La Brea - P23,Pre-glacial,C3,Canis dirus,2,-18.9,10.9,C,60,68,"Anyonge, 2006",Fuller 2020
La Brea - P23,Pre-glacial,C3,Canis dirus,2,-18.8,12.1,C,60,68,"Anyonge, 2006",Fuller 2020
La Brea - P23,Pre-glacial,C3,Canis latrans,2,-18.3,11.4,C,60,68,"Anyonge, 2006",Fuller 2020
La Brea - P23,Pre-glacial,C3,Actinemys marmorata,1,-23.3,9.2,,,,,Fuller 2020
La Brea - P23,Pre-glacial,C3,Crotalus sp.,1,-22.6,9.6,,,,,Fuller 2020
La Brea - P23,Pre-glacial,C3,Equus occidentalis,1,-20.8,9.8,,,,,Fuller 2020
La Brea - P23,Pre-glacial,C3,Equus occidentalis,1,-20.7,9.5,,,,,Fuller 2020
La Brea - P23,Pre-glacial,C3,Equus occidentalis,1,-21,6.3,,,,,Fuller 2020
La Brea - P23,Pre-glacial,C3,Equus occidentalis,1,-20.7,6.7,,,,,Fuller 2020
La Brea - P23,Pre-glacial,C3,Lepus sp.,1,-20.9,6.6,,,,,Fuller 2020
La Brea - P23,Pre-glacial,C3,Nothrotheriops shastensis,1,-19.5,8.4,,,,,Fuller 2020
La Brea - P23,Pre-glacial,C3,Panthera atrox,2,-18.4,5.7,F,344,420,Sherani 2016,Fuller et al. 2014
La Brea - P23,Pre-glacial,C3,Paramylodon harlani,1,-20.2,8.3,,,,,Fuller 2020
La Brea - P23,Pre-glacial,C3,Paramylodon harlani,1,-20.2,9.6,,,,,Fuller 2020
La Brea - P23,Pre-glacial,C3,Paramylodon harlani,1,-20.5,9.1,,,,,Fuller 2020
La Brea - P23,Pre-glacial,C3,Paramylodon harlani,1,-20.5,8.9,,,,,Fuller 2020
La Brea - P23,Pre-glacial,C3,Smilodon fatalis,2,-18,11.2,F,347,355,Palmqvist 1996,Fuller et al. 2014
La Brea - P23,Pre-glacial,C3,Smilodon fatalis,2,-18.9,10.7,F,347,355,Palmqvist 1996,Fuller et al. 2014
La Brea - P23,Pre-glacial,C3,Smilodon fatalis,2,-18.6,11.5,F,347,355,Palmqvist 1996,Fuller 2020
La Brea - P23,Pre-glacial,C3,Smilodon fatalis,2,-18.7,11.2,F,347,355,Palmqvist 1996,Fuller 2020
La Brea - P23,Pre-glacial,C3,Smilodon fatalis,2,-19,10.7,F,347,355,Palmqvist 1996,Fuller 2020
La Brea - P23,Pre-glacial,C3,Smilodon fatalis,2,-19,10.7,F,347,355,Palmqvist 1996,Fuller 2020
La Brea - P23,Pre-glacial,C3,Smilodon fatalis,2,-18.8,10.3,F,347,355,Palmqvist 1996,Fuller 2020
La Brea - P23,Pre-glacial,C3,Smilodon fatalis,2,-18.8,10.9,F,347,355,Palmqvist 1996,Fuller 2020
La Brea - P23,Pre-glacial,C3,Spermophilus beecheyi,1,-20.4,7,,,,,Fuller 2020
La Brea - P23,Pre-glacial,C3,Spermophilus beecheyi,1,-20.5,6.9,,,,,Fuller 2020
La Brea - P23,Pre-glacial,C3,Spermophilus beecheyi,1,-20.4,5.9,,,,,Fuller 2020
La Brea - P23,Pre-glacial,C3,Sylvilagus sp.,1,-20.9,7.5,,,,,Fuller 2020
La Brea - P23,Pre-glacial,C3,Sylvilagus sp.,1,-21.2,7.4,,,,,Fuller 2020
La Brea - P23,Pre-glacial,C3,Sylvilagus sp.,1,-21.9,6.3,,,,,Fuller 2020
La Brea - P23,Pre-glacial,C3,Sylvilagus sp.,1,-22.1,6.3,,,,,Fuller 2020
La Brea - P23,Pre-glacial,C3,Sylvilagus sp.,1,-21.1,6.5,,,,,Fuller 2020
La Brea - P23,Pre-glacial,C3,Sylvilagus sp.,1,-21.2,6.9,,,,,Fuller 2020
La Brea - P23,Pre-glacial,C3,Capromeryx minor,1,-20.6,9.3,,,,,Fuller 2020
La Brea,Pre/Full-glacial,C3,C. dirus,2,-16.95,12.78,C,60,68,"Anyonge, 2006",Coltrain 2004
La Brea,Pre/Full-glacial,C3,C. dirus,2,-17.95,11.76,C,60,68,"Anyonge, 2006",Coltrain 2004
La Brea,Pre/Full-glacial,C3,C. dirus,2,-19.58,10.75,C,60,68,"Anyonge, 2006",Coltrain 2004
La Brea,Pre/Full-glacial,C3,C. dirus,2,-18.55,11.07,C,60,68,"Anyonge, 2006",Coltrain 2004
La Brea,Pre/Full-glacial,C3,C. dirus,2,-18.1,11.61,C,60,68,"Anyonge, 2006",Coltrain 2004
La Brea,Pre/Full-glacial,C3,C. dirus,2,-17.81,11.65,C,60,68,"Anyonge, 2006",Coltrain 2004
La Brea,Pre/Full-glacial,C3,C. dirus,2,-18.38,12.15,C,60,68,"Anyonge, 2006",Coltrain 2004
La Brea,Pre/Full-glacial,C3,C. dirus,2,-18.58,13.49,C,60,68,"Anyonge, 2006",Coltrain 2004
La Brea,Pre/Full-glacial,C3,C. dirus,2,-18.46,9.98,C,60,68,"Anyonge, 2006",Coltrain 2004
La Brea,Pre/Full-glacial,C3,C. dirus,2,-18.07,10.05,C,60,68,"Anyonge, 2006",Coltrain 2004
La Brea,Pre/Full-glacial,C3,C. dirus,2,-19.95,10.84,C,60,68,"Anyonge, 2006",Coltrain 2004
La Brea,Pre/Full-glacial,C3,C. dirus,2,-18.8,11.91,C,60,68,"Anyonge, 2006",Coltrain 2004
La Brea,Pre/Full-glacial,C3,C. dirus,2,-19.49,11.89,C,60,68,"Anyonge, 2006",Coltrain 2004
La Brea,Pre/Full-glacial,C3,C. dirus,2,-19.13,12.78,C,60,68,"Anyonge, 2006",Coltrain 2004
La Brea,Pre/Full-glacial,C3,C. dirus,2,-19.43,11.63,C,60,68,"Anyonge, 2006",Coltrain 2004
La Brea,Pre/Full-glacial,C3,C. dirus,2,-19.67,9.94,C,60,68,"Anyonge, 2006",Coltrain 2004
La Brea,Pre/Full-glacial,C3,C. dirus,2,-18.46,12.94,C,60,68,"Anyonge, 2006",Coltrain 2004
La Brea,Pre/Full-glacial,C3,C. dirus,2,-19.31,10.47,C,60,68,"Anyonge, 2006",Coltrain 2004
La Brea,Pre/Full-glacial,C3,C. dirus,2,-19.67,11.7,C,60,68,"Anyonge, 2006",Coltrain 2004
La Brea,Pre/Full-glacial,C3,C. dirus,2,-19.06,8.89,C,60,68,"Anyonge, 2006",Coltrain 2004
La Brea,Pre/Full-glacial,C3,C. dirus,2,-18.11,11.55,C,60,68,"Anyonge, 2006",Coltrain 2004
La Brea,Pre/Full-glacial,C3,C. dirus,2,-18.62,12.09,C,60,68,"Anyonge, 2006",Coltrain 2004
La Brea,Pre/Full-glacial,C3,C. dirus,2,-16.39,12.12,C,60,68,"Anyonge, 2006",Coltrain 2004
La Brea,Pre/Full-glacial,C3,C. dirus,2,-18.21,9.91,C,60,68,"Anyonge, 2006",Coltrain 2004
La Brea,Pre/Full-glacial,C3,C. dirus,2,-18.77,9.71,C,60,68,"Anyonge, 2006",Coltrain 2004
La Brea,Pre/Full-glacial,C3,C. latrans,2,-19.58,11.3,C,8,20,,Coltrain 2004
La Brea,Pre/Full-glacial,C3,C. latrans,2,-19.03,10.84,C,8,20,,Coltrain 2004
La Brea,Pre/Full-glacial,C3,C. latrans,2,-19.88,9.82,C,8,20,,Coltrain 2004
La Brea,Pre/Full-glacial,C3,C. latrans,2,-20.08,10.83,C,8,20,,Coltrain 2004
La Brea,Pre/Full-glacial,C3,C. latrans,2,-20.81,10.55,C,8,20,,Coltrain 2004
La Brea,Pre/Full-glacial,C3,C. latrans,2,-20.31,11.17,C,8,20,,Coltrain 2004
La Brea,Pre/Full-glacial,C3,C. latrans,2,-18.36,7.36,C,8,20,,Coltrain 2004
La Brea,Pre/Full-glacial,C3,C. latrans,2,-20.1,9.71,C,8,20,,Coltrain 2004
La Brea,Pre/Full-glacial,C3,C. latrans,2,-20.7,9.13,C,8,20,,Coltrain 2004
La Brea,Pre/Full-glacial,C3,P. leo atrox,2,-17.94,12.05,F,344,420,Sherani 2016,Coltrain 2004
La Brea,Pre/Full-glacial,C3,P. leo atrox,2,-18.74,10.62,F,344,420,Sherani 2016,Coltrain 2004
La Brea,Pre/Full-glacial,C3,P. leo atrox,2,-19.26,10.75,F,344,420,Sherani 2016,Coltrain 2004
La Brea,Pre/Full-glacial,C3,P. leo atrox,2,-20.11,10.13,F,344,420,Sherani 2016,Coltrain 2004
La Brea,Pre/Full-glacial,C3,P. leo atrox,2,-19.3,8.7,F,344,420,Sherani 2016,Coltrain 2004
La Brea,Pre/Full-glacial,C3,P. leo atrox,2,-18.56,12.34,F,344,420,Sherani 2016,Coltrain 2004
La Brea,Pre/Full-glacial,C3,P. leo atrox,2,-19.2,12.42,F,344,420,Sherani 2016,Coltrain 2004
La Brea,Pre/Full-glacial,C3,P. leo atrox,2,-18.31,12.34,F,344,420,Sherani 2016,Coltrain 2004
La Brea,Pre/Full-glacial,C3,S. fatalis,2,-19.01,11.93,F,347,355,Palmqvist 1996,Coltrain 2004
La Brea,Pre/Full-glacial,C3,S. fatalis,2,-18.93,10.47,F,347,355,Palmqvist 1996,Coltrain 2004
La Brea,Pre/Full-glacial,C3,S. fatalis,2,-18.76,12.21,F,347,355,Palmqvist 1996,Coltrain 2004
La Brea,Pre/Full-glacial,C3,S. fatalis,2,-19.1,12.04,F,347,355,Palmqvist 1996,Coltrain 2004
La Brea,Pre/Full-glacial,C3,S. fatalis,2,-18.8,11.46,F,347,355,Palmqvist 1996,Coltrain 2004
La Brea,Pre/Full-glacial,C3,S. fatalis,2,-18.32,11.05,F,347,355,Palmqvist 1996,Coltrain 2004
La Brea,Pre/Full-glacial,C3,S. fatalis,2,-16.46,12.87,F,347,355,Palmqvist 1996,Coltrain 2004
La Brea,Pre/Full-glacial,C3,S. fatalis,2,-18.37,10.88,F,347,355,Palmqvist 1996,Coltrain 2004
La Brea,Pre/Full-glacial,C3,S. fatalis,2,-18.49,11.44,F,347,355,Palmqvist 1996,Coltrain 2004
La Brea,Pre/Full-glacial,C3,S. fatalis,2,-18.67,11.43,F,347,355,Palmqvist 1996,Coltrain 2004
La Brea,Pre/Full-glacial,C3,S. fatalis,2,-18.52,13.15,F,347,355,Palmqvist 1996,Coltrain 2004
La Brea,Pre/Full-glacial,C3,S. fatalis,2,-18.68,13.16,F,347,355,Palmqvist 1996,Coltrain 2004
La Brea,Pre/Full-glacial,C3,S. fatalis,2,-19.48,12.91,F,347,355,Palmqvist 1996,Coltrain 2004
La Brea,Pre/Full-glacial,C3,S. fatalis,2,-18.82,12.1,F,347,355,Palmqvist 1996,Coltrain 2004
La Brea,Pre/Full-glacial,C3,S. fatalis,2,-19.67,11.71,F,347,355,Palmqvist 1996,Coltrain 2004
La Brea,Pre/Full-glacial,C3,S. fatalis,2,-19.09,11.16,F,347,355,Palmqvist 1996,Coltrain 2004
La Brea,Pre/Full-glacial,C3,S. fatalis,2,-18.25,13.6,F,347,355,Palmqvist 1996,Coltrain 2004
La Brea,Pre/Full-glacial,C3,S. fatalis,2,-19.13,12.7,F,347,355,Palmqvist 1996,Coltrain 2004
La Brea,Pre/Full-glacial,C3,S. fatalis,2,-19.7,11.87,F,347,355,Palmqvist 1996,Coltrain 2004
La Brea,Pre/Full-glacial,C3,S. fatalis,2,-19.4,11.88,F,347,355,Palmqvist 1996,Coltrain 2004
La Brea,Pre/Full-glacial,C3,S. fatalis,2,-18.17,11.72,F,347,355,Palmqvist 1996,Coltrain 2004
La Brea,Pre/Full-glacial,C3,S. fatalis,2,-18.46,11.52,F,347,355,Palmqvist 1996,Coltrain 2004
La Brea,Pre/Full-glacial,C3,S. fatalis,2,-17.2,12.04,F,347,355,Palmqvist 1996,Coltrain 2004
La Brea,Pre/Full-glacial,C3,C. hesternus,1,-20.41,8.31,,,,,Coltrain 2004
La Brea,Pre/Full-glacial,C3,C. hesternus,1,-19.62,7.53,,,,,Coltrain 2004
La Brea,Pre/Full-glacial,C3,C. hesternus,1,-20.26,9.68,,,,,Coltrain 2004
La Brea,Pre/Full-glacial,C3,C. hesternus,1,-20.72,8.97,,,,,Coltrain 2004
La Brea,Pre/Full-glacial,C3,C. hesternus,1,-21,9.85,,,,,Coltrain 2004
La Brea,Pre/Full-glacial,C3,C. hesternus,1,-20.4,8.8,,,,,Coltrain 2004
La Brea,Pre/Full-glacial,C3,C. hesternus,1,-20.63,8.99,,,,,Coltrain 2004
La Brea,Pre/Full-glacial,C3,C. hesternus,1,-20.39,8.87,,,,,Coltrain 2004
La Brea,Pre/Full-glacial,C3,C. hesternus,1,-20.46,9.79,,,,,Coltrain 2004
La Brea,Pre/Full-glacial,C3,C. hesternus,1,-20.63,8.79,,,,,Coltrain 2004
La Brea,Pre/Full-glacial,C3,C. hesternus,1,-20.79,8.41,,,,,Coltrain 2004
La Brea,Pre/Full-glacial,C3,C. hesternus,1,-20.46,8.69,,,,,Coltrain 2004
La Brea,Pre/Full-glacial,C3,E. occidentalis,1,-20.76,4.93,,,,,Coltrain 2004
La Brea,Pre/Full-glacial,C3,E. occidentalis,1,-20.79,6.91,,,,,Coltrain 2004
La Brea,Pre/Full-glacial,C3,E. occidentalis,1,-21.22,6.25,,,,,Coltrain 2004
La Brea,Pre/Full-glacial,C3,E. occidentalis,1,-21.16,8.02,,,,,Coltrain 2004
La Brea,Pre/Full-glacial,C3,E. occidentalis,1,-21.6,6.46,,,,,Coltrain 2004
La Brea,Pre/Full-glacial,C3,E. occidentalis,1,-21.23,6.83,,,,,Coltrain 2004
La Brea,Pre/Full-glacial,C3,E. occidentalis,1,-21.14,6.74,,,,,Coltrain 2004
La Brea,Pre/Full-glacial,C3,E. occidentalis,1,-20.72,6.17,,,,,Coltrain 2004
La Brea,Pre/Full-glacial,C3,E. occidentalis,1,-21.7,6.83,,,,,Coltrain 2004
La Brea,Pre/Full-glacial,C3,E. occidentalis,1,-22.02,4.36,,,,,Coltrain 2004
La Brea,Pre/Full-glacial,C3,E. occidentalis,1,-21.16,6.09,,,,,Coltrain 2004
La Brea,Pre/Full-glacial,C3,E. occidentalis,1,-21.71,6.29,,,,,Coltrain 2004
La Brea,Pre/Full-glacial,C3,E. occidentalis,1,-21.61,4.72,,,,,Coltrain 2004
La Brea,Pre/Full-glacial,C3,E. occidentalis,1,-21.19,7.61,,,,,Coltrain 2004
La Brea,Pre/Full-glacial,C3,E. occidentalis,1,-21.56,8.19,,,,,Coltrain 2004
La Brea,Pre/Full-glacial,C3,E. occidentalis,1,-21.18,5.78,,,,,Coltrain 2004
La Brea,Pre/Full-glacial,C3,E. occidentalis,1,-21.03,6.35,,,,,Coltrain 2004
La Brea,Pre/Full-glacial,C3,E. occidentalis,1,-20.98,3.98,,,,,Coltrain 2004
La Brea,Pre/Full-glacial,C3,E. occidentalis,1,-21.35,4.34,,,,,Coltrain 2004
La Brea,Pre/Full-glacial,C3,P. harlani,1,-20.7,7.34,,,,,Coltrain 2004
La Brea,Pre/Full-glacial,C3,P. harlani,1,-20.38,6.44,,,,,Coltrain 2004
La Brea,Pre/Full-glacial,C3,P. harlani,1,-21.16,6.74,,,,,Coltrain 2004
La Brea,Pre/Full-glacial,C3,P. harlani,1,-20.66,7.2,,,,,Coltrain 2004
La Brea,Pre/Full-glacial,C3,P. harlani,1,-19.99,10.12,,,,,Coltrain 2004
La Brea,Pre/Full-glacial,C3,P. harlani,1,-21.41,8.61,,,,,Coltrain 2004
La Brea,Pre/Full-glacial,C3,P. harlani,1,-21.49,9.52,,,,,Coltrain 2004
La Brea,Pre/Full-glacial,C3,P. harlani,1,-21.27,8.52,,,,,Coltrain 2004
La Brea,Pre/Full-glacial,C3,P. harlani,1,-21.48,8.19,,,,,Coltrain 2004
La Brea,Pre/Full-glacial,C3,P. harlani,1,-21.36,6.65,,,,,Coltrain 2004
La Brea,Pre/Full-glacial,C3,B. antiquus,1,-19.4,7.67,,,,,Coltrain 2004
La Brea,Pre/Full-glacial,C3,B. antiquus,1,-19.8,8.37,,,,,Coltrain 2004
La Brea,Pre/Full-glacial,C3,B. antiquus,1,-19.43,7.64,,,,,Coltrain 2004
La Brea,Pre/Full-glacial,C3,B. antiquus,1,-20.38,8.13,,,,,Coltrain 2004
La Brea,Pre/Full-glacial,C3,B. antiquus,1,-20.72,8.76,,,,,Coltrain 2004
La Brea,Pre/Full-glacial,C3,B. antiquus,1,-19.91,8.98,,,,,Coltrain 2004
La Brea,Pre/Full-glacial,C3,B. antiquus,1,-19.99,8.69,,,,,Coltrain 2004
La Brea,Pre/Full-glacial,C3,B. antiquus,1,-20.93,8.23,,,,,Coltrain 2004
La Brea,Pre/Full-glacial,C3,B. antiquus,1,-20.6,9.58,,,,,Coltrain 2004
La Brea,Pre/Full-glacial,C3,B. antiquus,1,-20.63,10,,,,,Coltrain 2004
La Brea,Pre/Full-glacial,C3,B. antiquus,1,-21.17,11.01,,,,,Coltrain 2004
La Brea,Pre/Full-glacial,C3,B. antiquus,1,-20.35,8.39,,,,,Coltrain 2004
La Brea,Pre/Full-glacial,C3,B. antiquus,1,-20.42,9.66,,,,,Coltrain 2004
La Brea,Pre/Full-glacial,C3,B. antiquus,1,-20.8,11.19,,,,,Coltrain 2004
La Brea,Pre/Full-glacial,C3,B. antiquus,1,-19.79,9.21,,,,,Coltrain 2004
La Brea,Pre/Full-glacial,C3,B. antiquus,1,-20.04,9.06,,,,,Coltrain 2004
La Brea,Pre/Full-glacial,C3,B. antiquus,1,-19.11,9.89,,,,,Coltrain 2004
La Brea,Pre/Full-glacial,C3,M. americanum,1,-20.02,5.09,,,,,Coltrain 2004
La Brea,Pre/Full-glacial,C3,M. americanum,1,-19.98,4.44,,,,,Coltrain 2004
La Brea,Pre/Full-glacial,C3,M. americanum,1,-19.87,4.35,,,,,Coltrain 2004
La Brea,Pre/Full-glacial,C3,M. americanum,1,-20.53,4.21,,,,,Coltrain 2004
La Brea,Pre/Full-glacial,C3,M. americanum,1,-20.46,4.16,,,,,Coltrain 2004
La Brea,Pre/Full-glacial,C3,M. americanum,1,-20.72,4.27,,,,,Coltrain 2004
La Brea,Pre/Full-glacial,C3,M. americanum,1,-20.78,4.34,,,,,Coltrain 2004
La Brea,Pre/Full-glacial,C3,C. minor,1,-20.52,9.33,,,,,Coltrain 2004
Florida,early/mid Pleistocene,C3C4,Canis edwardii,2,-10.9,,C,20,40,Gazin 1942,Feranec 2014
Florida,early/mid Pleistocene,C3C4,Canis edwardii,2,-8.3,,C,20,40,Gazin 1942,Feranec 2014
Florida,early/mid Pleistocene,C3C4,Canis edwardii,2,-9.9,,C,20,40,Gazin 1942,Feranec 2014
Florida,early/mid Pleistocene,C3C4,Canis edwardii,2,-10.3,,C,20,40,Gazin 1942,Feranec 2014
Florida,early/mid Pleistocene,C3C4,Canis edwardii,2,-9.3,,C,20,40,Gazin 1942,Feranec 2014
Florida,early/mid Pleistocene,C3C4,Canis edwardii,2,-12,,C,20,40,Gazin 1942,Feranec 2014
Florida,early/mid Pleistocene,C3C4,Canis edwardii,2,-9.3,,C,20,40,Gazin 1942,Feranec 2014
Florida,early/mid Pleistocene,C3C4,Canis edwardii,2,-8.3,,C,20,40,Gazin 1942,Feranec 2014
Florida,early/mid Pleistocene,C3C4,Canis edwardii,2,-9.6,,C,20,40,Gazin 1942,Feranec 2014
Florida,early/mid Pleistocene,C3C4,Canis edwardii,2,-7,,C,20,40,Gazin 1942,Feranec 2014
Florida,early/mid Pleistocene,C3C4,Capromeryx arizonensis,1,-13.1,,,,,,Feranec 2014
Florida,early/mid Pleistocene,C3C4,Capromeryx arizonensis,1,-11.3,,,,,,Feranec 2014
Florida,early/mid Pleistocene,C3C4,Equus sp.,1,-4.8,,,,,,Feranec 2014
Florida,early/mid Pleistocene,C3C4,Equus sp.,1,-4.6,,,,,,Feranec 2014
Florida,early/mid Pleistocene,C3C4,Hemiauchenia macrocephala,1,-10.2,,,,,,Feranec 2014
Florida,early/mid Pleistocene,C3C4,Hemiauchenia macrocephala,1,-9.1,,,,,,Feranec 2014
Florida,early/mid Pleistocene,C3C4,Hemiauchenia macrocephala,1,-12.4,,,,,,Feranec 2014
Florida,early/mid Pleistocene,C3C4,Hemiauchenia macrocephala,1,-11.3,,,,,,Feranec 2014
Florida,early/mid Pleistocene,C3C4,Hemiauchenia macrocephala,1,-11.3,,,,,,Feranec 2014
Florida,early/mid Pleistocene,C3C4,Hemiauchenia macrocephala,1,-11.2,,,,,,Feranec 2014
Florida,early/mid Pleistocene,C3C4,Hemiauchenia macrocephala,1,-10.8,,,,,,Feranec 2014
Florida,early/mid Pleistocene,C3C4,Mammut americanum,1,-12,,,,,,Feranec 2014
Florida,early/mid Pleistocene,C3C4,Odocoileus virginianus,1,-12.5,,,,,,Feranec 2014
Florida,early/mid Pleistocene,C3C4,Odocoileus virginianus,1,-13.7,,,,,,Feranec 2014
Florida,early/mid Pleistocene,C3C4,Odocoileus virginianus,1,-15.1,,,,,,Feranec 2014
Florida,early/mid Pleistocene,C3C4,Odocoileus virginianus,1,-14.7,,,,,,Feranec 2014
Florida,early/mid Pleistocene,C3C4,Odocoileus virginianus,1,-13.4,,,,,,Feranec 2014
Florida,early/mid Pleistocene,C3C4,Odocoileus virginianus,1,-13.2,,,,,,Feranec 2014
Florida,early/mid Pleistocene,C3C4,Odocoileus virginianus,1,-13.4,,,,,,Feranec 2014
Florida,early/mid Pleistocene,C3C4,Odocoileus virginianus,1,-15.3,,,,,,Feranec 2014
Florida,early/mid Pleistocene,C3C4,Platygonus vetus,1,-11.5,,,,,,Feranec 2014
Florida,early/mid Pleistocene,C3C4,Platygonus vetus,1,-12,,,,,,Feranec 2014
Florida,early/mid Pleistocene,C3C4,Platygonus vetus,1,-10,,,,,,Feranec 2014
Florida,early/mid Pleistocene,C3C4,Platygonus vetus,1,-10.4,,,,,,Feranec 2014
Florida,early/mid Pleistocene,C3C4,Platygonus vetus,1,-11.6,,,,,,Feranec 2014
Florida,early/mid Pleistocene,C3C4,Platygonus vetus,1,-13.1,,,,,,Feranec 2014
Florida,early/mid Pleistocene,C3C4,Platygonus vetus,1,-11.2,,,,,,Feranec 2014
Florida,early/mid Pleistocene,C3C4,Platygonus vetus,1,-10.9,,,,,,Feranec 2014
Florida,early/mid Pleistocene,C3C4,Platygonus vetus,1,-11.5,,,,,,Feranec 2014
Florida,early/mid Pleistocene,C3C4,Smilodon gracilis,2,-10.8,,F,55,100,Christiansen 2005,Feranec 2014
Florida,early/mid Pleistocene,C3C4,Smilodon gracilis,2,-10.4,,F,55,100,Christiansen 2005,Feranec 2014
Florida,early/mid Pleistocene,C3C4,Smilodon gracilis,2,-10.3,,F,55,100,Christiansen 2005,Feranec 2014
Florida,early/mid Pleistocene,C3C4,Smilodon gracilis,2,-7.9,,F,55,100,Christiansen 2005,Feranec 2014
Florida,early/mid Pleistocene,C3C4,Smilodon gracilis,2,-12,,F,55,100,Christiansen 2005,Feranec 2014
Florida,early/mid Pleistocene,C3C4,Smilodon gracilis,2,-3.1,,F,55,100,Christiansen 2005,Feranec 2014
Florida,early/mid Pleistocene,C3C4,Smilodon gracilis,2,-9.5,,F,55,100,Christiansen 2005,Feranec 2014
Florida,early/mid Pleistocene,C3C4,Tapirus sp.,1,-12.9,,,,,,Feranec 2014
Florida,early/mid Pleistocene,C3C4,Tapirus sp.,1,-13.2,,,,,,Feranec 2014
Florida,early/mid Pleistocene,C3C4,Tapirus sp.,1,-12.2,,,,,,Feranec 2014
Florida,early/mid Pleistocene,C3C4,Tapirus sp.,1,-12.1,,,,,,Feranec 2014
Florida,early/mid Pleistocene,C3C4,Tapirus sp.,1,-13.6,,,,,,Feranec 2014
Florida,early/mid Pleistocene,C3C4,Canis edwardii,2,-8.4,,C,20,40,Gazin 1942,Feranec 2014
Florida,early/mid Pleistocene,C3C4,Canis edwardii,2,-6.7,,C,20,40,Gazin 1942,Feranec 2014
Florida,early/mid Pleistocene,C3C4,Canis edwardii,2,-11.5,,C,20,40,Gazin 1942,Feranec 2014
Florida,early/mid Pleistocene,C3C4,Canis edwardii,2,-6.5,,C,20,40,Gazin 1942,Feranec 2014
Florida,early/mid Pleistocene,C3C4,Canis edwardii,2,-5.4,,C,20,40,Gazin 1942,Feranec 2014
Florida,early/mid Pleistocene,C3C4,Canis edwardii,2,-7.7,,C,20,40,Gazin 1942,Feranec 2014
Florida,early/mid Pleistocene,C3C4,Canis edwardii,2,-8.7,,C,20,40,Gazin 1942,Feranec 2014
Florida,early/mid Pleistocene,C3C4,Canis edwardii,2,-6.6,,C,20,40,Gazin 1942,Feranec 2014
Florida,early/mid Pleistocene,C3C4,Canis edwardii,2,-4.1,,C,20,40,Gazin 1942,Feranec 2014
Florida,early/mid Pleistocene,C3C4,Canis edwardii,2,-10.1,,C,20,40,Gazin 1942,Feranec 2014
Florida,early/mid Pleistocene,C3C4,Cuvieronius tropicus,1,-4.4,,,,,,Feranec 2014
Florida,early/mid Pleistocene,C3C4,Cuvieronius tropicus,1,-3.9,,,,,,Feranec 2014
Florida,early/mid Pleistocene,C3C4,Cuvieronius tropicus,1,-4.5,,,,,,Feranec 2014
Florida,early/mid Pleistocene,C3C4,Equus sp.,1,-5.1,,,,,,Feranec 2014
Florida,early/mid Pleistocene,C3C4,Equus sp.,1,-3.6,,,,,,Feranec 2014
Florida,early/mid Pleistocene,C3C4,Equus sp.,1,-1.9,,,,,,Feranec 2014
Florida,early/mid Pleistocene,C3C4,Equus sp.,1,-1.7,,,,,,Feranec 2014
Florida,early/mid Pleistocene,C3C4,Equus sp.,1,-1.5,,,,,,Feranec 2014
Florida,early/mid Pleistocene,C3C4,Equus sp.,1,-3.6,,,,,,Feranec 2014
Florida,early/mid Pleistocene,C3C4,Equus sp.,1,-4,,,,,,Feranec 2014
Florida,early/mid Pleistocene,C3C4,Equus sp.,1,-2.8,,,,,,Feranec 2014
Florida,early/mid Pleistocene,C3C4,Equus sp.,1,-2.1,,,,,,Feranec 2014
Florida,early/mid Pleistocene,C3C4,Equus sp.,1,-1.8,,,,,,Feranec 2014
Florida,early/mid Pleistocene,C3C4,Equus sp.,1,-3.2,,,,,,Feranec 2014
Florida,early/mid Pleistocene,C3C4,Equus sp.,1,-3.5,,,,,,Feranec 2014
Florida,early/mid Pleistocene,C3C4,Equus sp.,1,-2.5,,,,,,Feranec 2014
Florida,early/mid Pleistocene,C3C4,Equus sp.,1,-3.9,,,,,,Feranec 2014
Florida,early/mid Pleistocene,C3C4,Equus sp.,1,-3.6,,,,,,Feranec 2014
Florida,early/mid Pleistocene,C3C4,Equus sp.,1,-3.5,,,,,,Feranec 2014
Florida,early/mid Pleistocene,C3C4,Hemiauchenia macrocephala,1,-3.2,,,,,,Feranec 2014
Florida,early/mid Pleistocene,C3C4,Hemiauchenia macrocephala,1,-5.6,,,,,,Feranec 2014
Florida,early/mid Pleistocene,C3C4,Hemiauchenia macrocephala,1,-8,,,,,,Feranec 2014
Florida,early/mid Pleistocene,C3C4,Hemiauchenia macrocephala,1,-8.3,,,,,,Feranec 2014
Florida,early/mid Pleistocene,C3C4,Hemiauchenia macrocephala,1,-8.3,,,,,,Feranec 2014
Florida,early/mid Pleistocene,C3C4,Hemiauchenia macrocephala,1,-8.2,,,,,,Feranec 2014
Florida,early/mid Pleistocene,C3C4,Hemiauchenia macrocephala,1,-3.6,,,,,,Feranec 2014
Florida,early/mid Pleistocene,C3C4,Hemiauchenia macrocephala,1,-6.2,,,,,,Feranec 2014
Florida,early/mid Pleistocene,C3C4,Hemiauchenia macrocephala,1,-4,,,,,,Feranec 2014
Florida,early/mid Pleistocene,C3C4,Hemiauchenia macrocephala,1,-8.7,,,,,,Feranec 2014
Florida,early/mid Pleistocene,C3C4,Mammut americanum,1,-13,,,,,,Feranec 2014
Florida,early/mid Pleistocene,C3C4,Mammut americanum,1,-10.6,,,,,,Feranec 2014
Florida,early/mid Pleistocene,C3C4,Mammut americanum,1,-13.1,,,,,,Feranec 2014
Florida,early/mid Pleistocene,C3C4,Mammut americanum,1,-11.8,,,,,,Feranec 2014
Florida,early/mid Pleistocene,C3C4,Mammut americanum,1,-11.5,,,,,,Feranec 2014
Florida,early/mid Pleistocene,C3C4,Mammuthus hayi,1,-2.5,,,,,,Feranec 2014
Florida,early/mid Pleistocene,C3C4,Mammuthus hayi,1,-3.8,,,,,,Feranec 2014
Florida,early/mid Pleistocene,C3C4,Mammuthus hayi,1,-2.3,,,,,,Feranec 2014
Florida,early/mid Pleistocene,C3C4,Mammuthus hayi,1,-4.6,,,,,,Feranec 2014
Florida,early/mid Pleistocene,C3C4,Mammuthus hayi,1,-2.7,,,,,,Feranec 2014
Florida,early/mid Pleistocene,C3C4,Mammuthus hayi,1,-2,,,,,,Feranec 2014
Florida,early/mid Pleistocene,C3C4,Mammuthus hayi,1,-2.7,,,,,,Feranec 2014
Florida,early/mid Pleistocene,C3C4,Mammuthus hayi,1,-2.4,,,,,,Feranec 2014
Florida,early/mid Pleistocene,C3C4,Mammuthus hayi,1,-0.6,,,,,,Feranec 2014
Florida,early/mid Pleistocene,C3C4,Mylohyus fossilis,1,-12.2,,,,,,Feranec 2014
Florida,early/mid Pleistocene,C3C4,Mylohyus fossilis,1,-4.9,,,,,,Feranec 2014
Florida,early/mid Pleistocene,C3C4,Mylohyus fossilis,1,-10.5,,,,,,Feranec 2014
Florida,early/mid Pleistocene,C3C4,Mylohyus fossilis,1,-9.5,,,,,,Feranec 2014
Florida,early/mid Pleistocene,C3C4,Mylohyus fossilis,1,-10.3,,,,,,Feranec 2014
Florida,early/mid Pleistocene,C3C4,Mylohyus fossilis,1,-6.7,,,,,,Feranec 2014
Florida,early/mid Pleistocene,C3C4,Mylohyus fossilis,1,-10.5,,,,,,Feranec 2014
Florida,early/mid Pleistocene,C3C4,Mylohyus fossilis,1,-7,,,,,,Feranec 2014
Florida,early/mid Pleistocene,C3C4,Mylohyus fossilis,1,-5.8,,,,,,Feranec 2014
Florida,early/mid Pleistocene,C3C4,Odocoileus virginianus,1,-12.3,,,,,,Feranec 2014
Florida,early/mid Pleistocene,C3C4,Odocoileus virginianus,1,-12.8,,,,,,Feranec 2014
Florida,early/mid Pleistocene,C3C4,Odocoileus virginianus,1,-10.3,,,,,,Feranec 2014
Florida,early/mid Pleistocene,C3C4,Odocoileus virginianus,1,-10.4,,,,,,Feranec 2014
Florida,early/mid Pleistocene,C3C4,Odocoileus virginianus,1,-11.9,,,,,,Feranec 2014
Florida,early/mid Pleistocene,C3C4,Odocoileus virginianus,1,-13.3,,,,,,Feranec 2014
Florida,early/mid Pleistocene,C3C4,Odocoileus virginianus,1,-10,,,,,,Feranec 2014
Florida,early/mid Pleistocene,C3C4,Odocoileus virginianus,1,-12.8,,,,,,Feranec 2014
Florida,early/mid Pleistocene,C3C4,Palaeolama mirifica,1,-12.9,,,,,,Feranec 2014
Florida,early/mid Pleistocene,C3C4,Palaeolama mirifica,1,-11.9,,,,,,Feranec 2014
Florida,early/mid Pleistocene,C3C4,Palaeolama mirifica,1,-12.9,,,,,,Feranec 2014
Florida,early/mid Pleistocene,C3C4,Palaeolama mirifica,1,-14.3,,,,,,Feranec 2014
Florida,early/mid Pleistocene,C3C4,Palaeolama mirifica,1,-13.1,,,,,,Feranec 2014
Florida,early/mid Pleistocene,C3C4,Palaeolama mirifica,1,-12.9,,,,,,Feranec 2014
Florida,early/mid Pleistocene,C3C4,Palaeolama mirifica,1,-14,,,,,,Feranec 2014
Florida,early/mid Pleistocene,C3C4,Platygonus vetus,1,-8,,,,,,Feranec 2014
Florida,early/mid Pleistocene,C3C4,Platygonus vetus,1,-3.9,,,,,,Feranec 2014
Florida,early/mid Pleistocene,C3C4,Platygonus vetus,1,-7.4,,,,,,Feranec 2014
Florida,early/mid Pleistocene,C3C4,Platygonus vetus,1,-5.1,,,,,,Feranec 2014
Florida,early/mid Pleistocene,C3C4,Platygonus vetus,1,-6.5,,,,,,Feranec 2014
Florida,early/mid Pleistocene,C3C4,Platygonus vetus,1,-12.7,,,,,,Feranec 2014
Florida,early/mid Pleistocene,C3C4,Platygonus vetus,1,-4,,,,,,Feranec 2014
Florida,early/mid Pleistocene,C3C4,Platygonus vetus,1,-7.7,,,,,,Feranec 2014
Florida,early/mid Pleistocene,C3C4,Platygonus vetus,1,-9.2,,,,,,Feranec 2014
Florida,early/mid Pleistocene,C3C4,Platygonus vetus,1,-6.6,,,,,,Feranec 2014
Florida,early/mid Pleistocene,C3C4,Platygonus vetus,1,-3.5,,,,,,Feranec 2014
Florida,early/mid Pleistocene,C3C4,Smilodon gracilis,2,-11.7,,F,55,100,Christiansen 2005,Feranec 2014
Florida,early/mid Pleistocene,C3C4,Smilodon gracilis,2,-9.9,,F,55,100,Christiansen 2005,Feranec 2014
Florida,early/mid Pleistocene,C3C4,Smilodon gracilis,2,-9.1,,F,55,100,Christiansen 2005,Feranec 2014
Florida,early/mid Pleistocene,C3C4,Smilodon gracilis,2,-9.3,,F,55,100,Christiansen 2005,Feranec 2014
Florida,early/mid Pleistocene,C3C4,Smilodon gracilis,2,-9.1,,F,55,100,Christiansen 2005,Feranec 2014
Florida,early/mid Pleistocene,C3C4,Smilodon gracilis,2,-8.5,,F,55,100,Christiansen 2005,Feranec 2014
Florida,early/mid Pleistocene,C3C4,Smilodon gracilis,2,-8.4,,F,55,100,Christiansen 2005,Feranec 2014
Florida,early/mid Pleistocene,C3C4,Smilodon gracilis,2,-9.7,,F,55,100,Christiansen 2005,Feranec 2014
Florida,early/mid Pleistocene,C3C4,Smilodon gracilis,2,-9.5,,F,55,100,Christiansen 2005,Feranec 2014
Florida,early/mid Pleistocene,C3C4,Smilodon gracilis,2,-8.8,,F,55,100,Christiansen 2005,Feranec 2014
Florida,early/mid Pleistocene,C3C4,Smilodon gracilis,2,-8.9,,F,55,100,Christiansen 2005,Feranec 2014
Florida,early/mid Pleistocene,C3C4,Smilodon gracilis,2,-9.3,,F,55,100,Christiansen 2005,Feranec 2014
Florida,early/mid Pleistocene,C3C4,Smilodon gracilis,2,-8.8,,F,55,100,Christiansen 2005,Feranec 2014
Florida,early/mid Pleistocene,C3C4,Tapirus haysii,1,-12,,,,,,Feranec 2014
Florida,early/mid Pleistocene,C3C4,Tapirus haysii,1,-12.5,,,,,,Feranec 2014
Florida,early/mid Pleistocene,C3C4,Tapirus haysii,1,-12.3,,,,,,Feranec 2014
Florida,early/mid Pleistocene,C3C4,Tapirus haysii,1,-13.2,,,,,,Feranec 2014
Florida,early/mid Pleistocene,C3C4,Tapirus haysii,1,-12.8,,,,,,Feranec 2014
Florida,early/mid Pleistocene,C3C4,Tapirus haysii,1,-12.5,,,,,,Feranec 2014
Florida,early/mid Pleistocene,C3C4,Tapirus haysii,1,-12.3,,,,,,Feranec 2014
Florida,early/mid Pleistocene,C3C4,Tapirus haysii,1,-13.3,,,,,,Feranec 2014
Florida,early/mid Pleistocene,C3C4,Tapirus haysii,1,-13.4,,,,,,Feranec 2014